Workbook

Sheet Start Here
A1: OPERATIONS & PROJECT DELIVERY ANALYSIS
A2: Portfolio Project | Excel Operations & Project Management Analytics
A3: Scenario | B3: A growing organization manages a portfolio of 30 cross-functional projects spanning Operations, Technology, Finance, Human Resources, Marketing, Procurement, and Facilities. Leadership needs a clear view of portfolio health, schedule performance, workload, budget variance, and operational risk.
A4: Business Questions | B4: 1. How many projects are completed, active, delayed, or at risk? 2. Which departments and projects are over or under budget? 3. Which projects and departments experience the largest schedule delays? 4. How is active workload distributed across project managers? 5. Where are high-risk tasks concentrated? 6. Which functions demonstrate the strongest schedule and budget performance?
A5: Analysis Approach | B5: Analyzed 750 task-level records using Excel PivotTables, calculated fields, formulas, project-level status logic, aggregations, and comparative analysis. Findings were consolidated into an executive dashboard designed to surface portfolio health, workload, risk, and schedule performance.
A6: Deliverable | B6: Interactive Excel workbook containing an executive portfolio dashboard, project health analysis, project manager workload analysis, department-level risk and budget analysis, schedule performance analysis, and supporting PivotTables.
A7: Skills Demonstrated | B7: Microsoft Excel • PivotTables • Data Analysis • Dashboard Design • KPI Development • Data Visualization • Conditional Logic • Budget Variance Analysis • Schedule Analysis • Risk Analysis • Project Portfolio Reporting • Executive Communication

Sheet Executive Dashboard
A1: OPERATIONS PROJECT PORTFOLIO DASHBOARD
N2: Project Status | O2: Count | Q2: Department | R2: High-Risk Tasks
A3: REPORTING DATE: AUGUST 11, 2026 | N3: Completed | O3: =COUNTIF('Project Health'!F2:F31,"Completed") -> 8 | Q3: Facilities | R3: 19
N4: Delayed | O4: =COUNTIF('Project Health'!F2:F31,"Delayed") -> 22 | Q4: Finance | R4: 18
A5: =COUNTA('Project Health'!A2:A31) -> 30 | D5: =COUNTIF('Project Health'!F2:F31,"<>Completed") -> 22 | G5: =COUNTIF('Project Health'!F2:F31,"Completed") -> 8 | J5: =COUNTIFS('Raw Project Data'!O2:O751,"<>Completed",'Raw Project Data'!O2:O751,"<>") -> 294 | Q5: Human Resources | R5: 16
Q6: Marketing | R6: 14
A7: Total Projects | D7: Active Projects | G7: Completed Projects | J7: Unfinished Tasks | N7: Avery Brooks | O7: 43 | Q7: Operations | R7: 14
N8: Cameron Diaz | O8: 56 | Q8: Procurement | R8: 17
N9: Jordan Lee | O9: 36 | Q9: Technology | R9: 24
N10: Morgan Patel | O10: 57
N11: Riley Chen | O11: 44
N12: Taylor Reed | O12: 58
Q14: Department | R14: Cumulative Delay Days
Q15: Facilities | R15: 255
Q16: Finance | R16: 237
Q17: Human Resources | R17: 129
Q18: Marketing | R18: 158
Q19: Operations | R19: 239
Q20: Procurement | R20: 189
Q21: Technology | R21: 318
A40: Key Insights
A42: Portfolio Health: 22 of 30 projects remain active beyond their planned finish dates, while 8 projects are completed. Workload: Taylor Reed carries the largest unfinished workload with 58 tasks, closely followed by Morgan Patel (57) and Cameron Diaz (56). Risk: Technology has the highest concentration of high-risk work at 19.2% (24 of 125 tasks), followed closely by Facilities at 19.0%. Performance: Human Resources has the strongest schedule/budget balance with the lowest cumulative delay (129 days) while maintaining approximately $453K in favorable budget variance. Technology has the greatest schedule pressure at 318 cumulative delay days.

Sheet Project Health
A1: Project Name | B1: Planned Finish | C1: Completed Tasks | D1: Total Tasks | E1: On Hold Tasks | F1: Project Status | G1: Analysis Date | H1: Target Status | I1: Project Manager | K1: Project Manager | L1: Active Projects
A2: Operations Facility Upgrade 01 | B2: =_xlfn.MAXIFS('Raw Project Data'!$M:$M,'Raw Project Data'!$C:$C,A2) -> 46155 | C2: =COUNTIFS('Raw Project Data'!$C:$C,A2,'Raw Project Data'!$O:$O,"Completed") -> 25 | D2: =COUNTIF('Raw Project Data'!$C:$C,A2) -> 25 | E2: =COUNTIFS('Raw Project Data'!$C:$C,A2,'Raw Project Data'!$O:$O,"On Hold") -> 0 | F2: =IF(C2=D2,"Completed",IF(B2<$G$2,"Delayed",IF(E2>0,"At Risk","On Track"))) -> Completed | G2: 46245 | H2: Completed | I2: =_xlfn.XLOOKUP(A2,'Raw Project Data'!$C:$C,'Raw Project Data'!$F:$F) -> Avery Brooks | K2: Avery Brooks | L2: =COUNTIFS($I$2:$I$31,K2,$F$2:$F$31,"<>Completed") -> 3
A3: Technology Compliance 02 | B3: =_xlfn.MAXIFS('Raw Project Data'!$M:$M,'Raw Project Data'!$C:$C,A3) -> 45887 | C3: =COUNTIFS('Raw Project Data'!$C:$C,A3,'Raw Project Data'!$O:$O,"Completed") -> 25 | D3: =COUNTIF('Raw Project Data'!$C:$C,A3) -> 25 | E3: =COUNTIFS('Raw Project Data'!$C:$C,A3,'Raw Project Data'!$O:$O,"On Hold") -> 0 | F3: =IF(C3=D3,"Completed",IF(B3<$G$2,"Delayed",IF(E3>0,"At Risk","On Track"))) -> Completed | H3: Completed | I3: =_xlfn.XLOOKUP(A3,'Raw Project Data'!$C:$C,'Raw Project Data'!$F:$F) -> Jordan Lee | K3: Cameron Diaz | L3: =COUNTIFS($I$2:$I$31,K3,$F$2:$F$31,"<>Completed") -> 4
A4: Finance Vendor Transition 03 | B4: =_xlfn.MAXIFS('Raw Project Data'!$M:$M,'Raw Project Data'!$C:$C,A4) -> 45837 | C4: =COUNTIFS('Raw Project Data'!$C:$C,A4,'Raw Project Data'!$O:$O,"Completed") -> 25 | D4: =COUNTIF('Raw Project Data'!$C:$C,A4) -> 25 | E4: =COUNTIFS('Raw Project Data'!$C:$C,A4,'Raw Project Data'!$O:$O,"On Hold") -> 0 | F4: =IF(C4=D4,"Completed",IF(B4<$G$2,"Delayed",IF(E4>0,"At Risk","On Track"))) -> Completed | H4: Completed | I4: =_xlfn.XLOOKUP(A4,'Raw Project Data'!$C:$C,'Raw Project Data'!$F:$F) -> Morgan Patel | K4: Jordan Lee | L4: =COUNTIFS($I$2:$I$31,K4,$F$2:$F$31,"<>Completed") -> 3
A5: Human Resources System Implementation 04 | B5: =_xlfn.MAXIFS('Raw Project Data'!$M:$M,'Raw Project Data'!$C:$C,A5) -> 46207 | C5: =COUNTIFS('Raw Project Data'!$C:$C,A5,'Raw Project Data'!$O:$O,"Completed") -> 25 | D5: =COUNTIF('Raw Project Data'!$C:$C,A5) -> 25 | E5: =COUNTIFS('Raw Project Data'!$C:$C,A5,'Raw Project Data'!$O:$O,"On Hold") -> 0 | F5: =IF(C5=D5,"Completed",IF(B5<$G$2,"Delayed",IF(E5>0,"At Risk","On Track"))) -> Completed | H5: Completed | I5: =_xlfn.XLOOKUP(A5,'Raw Project Data'!$C:$C,'Raw Project Data'!$F:$F) -> Taylor Reed | K5: Morgan Patel | L5: =COUNTIFS($I$2:$I$31,K5,$F$2:$F$31,"<>Completed") -> 4
A6: Facilities Cost Reduction 05 | B6: =_xlfn.MAXIFS('Raw Project Data'!$M:$M,'Raw Project Data'!$C:$C,A6) -> 45967 | C6: =COUNTIFS('Raw Project Data'!$C:$C,A6,'Raw Project Data'!$O:$O,"Completed") -> 25 | D6: =COUNTIF('Raw Project Data'!$C:$C,A6) -> 25 | E6: =COUNTIFS('Raw Project Data'!$C:$C,A6,'Raw Project Data'!$O:$O,"On Hold") -> 0 | F6: =IF(C6=D6,"Completed",IF(B6<$G$2,"Delayed",IF(E6>0,"At Risk","On Track"))) -> Completed | H6: Completed | I6: =_xlfn.XLOOKUP(A6,'Raw Project Data'!$C:$C,'Raw Project Data'!$F:$F) -> Cameron Diaz | K6: Riley Chen | L6: =COUNTIFS($I$2:$I$31,K6,$F$2:$F$31,"<>Completed") -> 4
A7: Marketing Automation 06 | B7: =_xlfn.MAXIFS('Raw Project Data'!$M:$M,'Raw Project Data'!$C:$C,A7) -> 45949 | C7: =COUNTIFS('Raw Project Data'!$C:$C,A7,'Raw Project Data'!$O:$O,"Completed") -> 25 | D7: =COUNTIF('Raw Project Data'!$C:$C,A7) -> 25 | E7: =COUNTIFS('Raw Project Data'!$C:$C,A7,'Raw Project Data'!$O:$O,"On Hold") -> 0 | F7: =IF(C7=D7,"Completed",IF(B7<$G$2,"Delayed",IF(E7>0,"At Risk","On Track"))) -> Completed | H7: Completed | I7: =_xlfn.XLOOKUP(A7,'Raw Project Data'!$C:$C,'Raw Project Data'!$F:$F) -> Riley Chen | K7: Taylor Reed | L7: =COUNTIFS($I$2:$I$31,K7,$F$2:$F$31,"<>Completed") -> 4
A8: Procurement Process Improvement 07 | B8: =_xlfn.MAXIFS('Raw Project Data'!$M:$M,'Raw Project Data'!$C:$C,A8) -> 45937 | C8: =COUNTIFS('Raw Project Data'!$C:$C,A8,'Raw Project Data'!$O:$O,"Completed") -> 25 | D8: =COUNTIF('Raw Project Data'!$C:$C,A8) -> 25 | E8: =COUNTIFS('Raw Project Data'!$C:$C,A8,'Raw Project Data'!$O:$O,"On Hold") -> 0 | F8: =IF(C8=D8,"Completed",IF(B8<$G$2,"Delayed",IF(E8>0,"At Risk","On Track"))) -> Completed | H8: Completed | I8: =_xlfn.XLOOKUP(A8,'Raw Project Data'!$C:$C,'Raw Project Data'!$F:$F) -> Avery Brooks
A9: Operations Facility Upgrade 08 | B9: =_xlfn.MAXIFS('Raw Project Data'!$M:$M,'Raw Project Data'!$C:$C,A9) -> 45881 | C9: =COUNTIFS('Raw Project Data'!$C:$C,A9,'Raw Project Data'!$O:$O,"Completed") -> 25 | D9: =COUNTIF('Raw Project Data'!$C:$C,A9) -> 25 | E9: =COUNTIFS('Raw Project Data'!$C:$C,A9,'Raw Project Data'!$O:$O,"On Hold") -> 0 | F9: =IF(C9=D9,"Completed",IF(B9<$G$2,"Delayed",IF(E9>0,"At Risk","On Track"))) -> Completed | H9: Completed | I9: =_xlfn.XLOOKUP(A9,'Raw Project Data'!$C:$C,'Raw Project Data'!$F:$F) -> Jordan Lee
A10: Technology Compliance 09 | B10: =_xlfn.MAXIFS('Raw Project Data'!$M:$M,'Raw Project Data'!$C:$C,A10) -> 46210 | C10: =COUNTIFS('Raw Project Data'!$C:$C,A10,'Raw Project Data'!$O:$O,"Completed") -> 11 | D10: =COUNTIF('Raw Project Data'!$C:$C,A10) -> 25 | E10: =COUNTIFS('Raw Project Data'!$C:$C,A10,'Raw Project Data'!$O:$O,"On Hold") -> 0 | F10: =IF(C10=D10,"Completed",IF(B10<$G$2,"Delayed",IF(E10>0,"At Risk","On Track"))) -> Delayed | H10: On Track | I10: =_xlfn.XLOOKUP(A10,'Raw Project Data'!$C:$C,'Raw Project Data'!$F:$F) -> Morgan Patel
A11: Finance Vendor Transition 10 | B11: =_xlfn.MAXIFS('Raw Project Data'!$M:$M,'Raw Project Data'!$C:$C,A11) -> 45868 | C11: =COUNTIFS('Raw Project Data'!$C:$C,A11,'Raw Project Data'!$O:$O,"Completed") -> 11 | D11: =COUNTIF('Raw Project Data'!$C:$C,A11) -> 25 | E11: =COUNTIFS('Raw Project Data'!$C:$C,A11,'Raw Project Data'!$O:$O,"On Hold") -> 2 | F11: =IF(C11=D11,"Completed",IF(B11<$G$2,"Delayed",IF(E11>0,"At Risk","On Track"))) -> Delayed | H11: On Track | I11: =_xlfn.XLOOKUP(A11,'Raw Project Data'!$C:$C,'Raw Project Data'!$F:$F) -> Taylor Reed
A12: Human Resources System Implementation 11 | B12: =_xlfn.MAXIFS('Raw Project Data'!$M:$M,'Raw Project Data'!$C:$C,A12) -> 46174 | C12: =COUNTIFS('Raw Project Data'!$C:$C,A12,'Raw Project Data'!$O:$O,"Completed") -> 8 | D12: =COUNTIF('Raw Project Data'!$C:$C,A12) -> 25 | E12: =COUNTIFS('Raw Project Data'!$C:$C,A12,'Raw Project Data'!$O:$O,"On Hold") -> 2 | F12: =IF(C12=D12,"Completed",IF(B12<$G$2,"Delayed",IF(E12>0,"At Risk","On Track"))) -> Delayed | H12: On Track | I12: =_xlfn.XLOOKUP(A12,'Raw Project Data'!$C:$C,'Raw Project Data'!$F:$F) -> Cameron Diaz
A13: Facilities Cost Reduction 12 | B13: =_xlfn.MAXIFS('Raw Project Data'!$M:$M,'Raw Project Data'!$C:$C,A13) -> 46217 | C13: =COUNTIFS('Raw Project Data'!$C:$C,A13,'Raw Project Data'!$O:$O,"Completed") -> 15 | D13: =COUNTIF('Raw Project Data'!$C:$C,A13) -> 25 | E13: =COUNTIFS('Raw Project Data'!$C:$C,A13,'Raw Project Data'!$O:$O,"On Hold") -> 0 | F13: =IF(C13=D13,"Completed",IF(B13<$G$2,"Delayed",IF(E13>0,"At Risk","On Track"))) -> Delayed | H13: On Track | I13: =_xlfn.XLOOKUP(A13,'Raw Project Data'!$C:$C,'Raw Project Data'!$F:$F) -> Riley Chen
A14: Marketing Automation 13 | B14: =_xlfn.MAXIFS('Raw Project Data'!$M:$M,'Raw Project Data'!$C:$C,A14) -> 46101 | C14: =COUNTIFS('Raw Project Data'!$C:$C,A14,'Raw Project Data'!$O:$O,"Completed") -> 9 | D14: =COUNTIF('Raw Project Data'!$C:$C,A14) -> 25 | E14: =COUNTIFS('Raw Project Data'!$C:$C,A14,'Raw Project Data'!$O:$O,"On Hold") -> 2 | F14: =IF(C14=D14,"Completed",IF(B14<$G$2,"Delayed",IF(E14>0,"At Risk","On Track"))) -> Delayed | H14: On Track | I14: =_xlfn.XLOOKUP(A14,'Raw Project Data'!$C:$C,'Raw Project Data'!$F:$F) -> Avery Brooks
A15: Procurement Process Improvement 14 | B15: =_xlfn.MAXIFS('Raw Project Data'!$M:$M,'Raw Project Data'!$C:$C,A15) -> 45873 | C15: =COUNTIFS('Raw Project Data'!$C:$C,A15,'Raw Project Data'!$O:$O,"Completed") -> 11 | D15: =COUNTIF('Raw Project Data'!$C:$C,A15) -> 25 | E15: =COUNTIFS('Raw Project Data'!$C:$C,A15,'Raw Project Data'!$O:$O,"On Hold") -> 1 | F15: =IF(C15=D15,"Completed",IF(B15<$G$2,"Delayed",IF(E15>0,"At Risk","On Track"))) -> Delayed | H15: On Track | I15: =_xlfn.XLOOKUP(A15,'Raw Project Data'!$C:$C,'Raw Project Data'!$F:$F) -> Jordan Lee
A16: Operations Facility Upgrade 15 | B16: =_xlfn.MAXIFS('Raw Project Data'!$M:$M,'Raw Project Data'!$C:$C,A16) -> 46139 | C16: =COUNTIFS('Raw Project Data'!$C:$C,A16,'Raw Project Data'!$O:$O,"Completed") -> 11 | D16: =COUNTIF('Raw Project Data'!$C:$C,A16) -> 25 | E16: =COUNTIFS('Raw Project Data'!$C:$C,A16,'Raw Project Data'!$O:$O,"On Hold") -> 0 | F16: =IF(C16=D16,"Completed",IF(B16<$G$2,"Delayed",IF(E16>0,"At Risk","On Track"))) -> Delayed | H16: On Track | I16: =_xlfn.XLOOKUP(A16,'Raw Project Data'!$C:$C,'Raw Project Data'!$F:$F) -> Morgan Patel
A17: Technology Compliance 16 | B17: =_xlfn.MAXIFS('Raw Project Data'!$M:$M,'Raw Project Data'!$C:$C,A17) -> 46036 | C17: =COUNTIFS('Raw Project Data'!$C:$C,A17,'Raw Project Data'!$O:$O,"Completed") -> 8 | D17: =COUNTIF('Raw Project Data'!$C:$C,A17) -> 25 | E17: =COUNTIFS('Raw Project Data'!$C:$C,A17,'Raw Project Data'!$O:$O,"On Hold") -> 1 | F17: =IF(C17=D17,"Completed",IF(B17<$G$2,"Delayed",IF(E17>0,"At Risk","On Track"))) -> Delayed | H17: On Track | I17: =_xlfn.XLOOKUP(A17,'Raw Project Data'!$C:$C,'Raw Project Data'!$F:$F) -> Taylor Reed
A18: Finance Vendor Transition 17 | B18: =_xlfn.MAXIFS('Raw Project Data'!$M:$M,'Raw Project Data'!$C:$C,A18) -> 45849 | C18: =COUNTIFS('Raw Project Data'!$C:$C,A18,'Raw Project Data'!$O:$O,"Completed") -> 13 | D18: =COUNTIF('Raw Project Data'!$C:$C,A18) -> 25 | E18: =COUNTIFS('Raw Project Data'!$C:$C,A18,'Raw Project Data'!$O:$O,"On Hold") -> 1 | F18: =IF(C18=D18,"Completed",IF(B18<$G$2,"Delayed",IF(E18>0,"At Risk","On Track"))) -> Delayed | H18: On Track | I18: =_xlfn.XLOOKUP(A18,'Raw Project Data'!$C:$C,'Raw Project Data'!$F:$F) -> Cameron Diaz
A19: Human Resources System Implementation 18 | B19: =_xlfn.MAXIFS('Raw Project Data'!$M:$M,'Raw Project Data'!$C:$C,A19) -> 45834 | C19: =COUNTIFS('Raw Project Data'!$C:$C,A19,'Raw Project Data'!$O:$O,"Completed") -> 13 | D19: =COUNTIF('Raw Project Data'!$C:$C,A19) -> 25 | E19: =COUNTIFS('Raw Project Data'!$C:$C,A19,'Raw Project Data'!$O:$O,"On Hold") -> 2 | F19: =IF(C19=D19,"Completed",IF(B19<$G$2,"Delayed",IF(E19>0,"At Risk","On Track"))) -> Delayed | H19: At Risk | I19: =_xlfn.XLOOKUP(A19,'Raw Project Data'!$C:$C,'Raw Project Data'!$F:$F) -> Riley Chen
... A31: Technology Compliance 30 | B31: =_xlfn.MAXIFS('Raw Project Data'!$M:$M,'Raw Project Data'!$C:$C,A31) -> 46112 | C31: =COUNTIFS('Raw Project Data'!$C:$C,A31,'Raw Project Data'!$O:$O,"Completed") -> 14 | D31: =COUNTIF('Raw Project Data'!$C:$C,A31) -> 25 | E31: =COUNTIFS('Raw Project Data'!$C:$C,A31,'Raw Project Data'!$O:$O,"On Hold") -> 2 | F31: =IF(C31=D31,"Completed",IF(B31<$G$2,"Delayed",IF(E31>0,"At Risk","On Track"))) -> Delayed | H31: Delayed | I31: =_xlfn.XLOOKUP(A31,'Raw Project Data'!$C:$C,'Raw Project Data'!$F:$F) -> Riley Chen

Sheet Raw Project Data
A1: Task ID | B1: Project ID | C1: Project Name | D1: Department | E1: Project Type | F1: Project Manager | G1: Workstream | H1: Task Name | I1: Priority | J1: Risk Level | K1: Vendor | L1: Planned Start | M1: Planned Finish | N1: Actual Finish | O1: Status | P1: Percent Complete | Q1: Planned Budget | R1: Actual Cost | S1: Issue Count | T1: Days Delayed | U1: Unique Project Flag | V1: Budget Variance
A2: TSK-0001 | B2: PRJ-1001 | C2: Operations Facility Upgrade 01 | D2: Operations | E2: Facility Upgrade | F2: Avery Brooks | G2: Planning | H2: Planning Task 01 | I2: Medium | J2: Low | K2: Internal Team | L2: 45991 | M2: 46018 | N2: 46018 | O2: Completed | P2: 1 | Q2: 8300 | R2: 7677.14 | S2: 2 | T2: =IF(N2="","",MAX(0,N2-M2)) -> 0 | U2: =IF(COUNTIFS($B$2:B2,B2,$F$2:F2,F2)=1,1,0) -> 1 | V2: =Q2-R2 -> 622.86
A3: TSK-0002 | B3: PRJ-1002 | C3: Technology Compliance 02 | D3: Technology | E3: Compliance | F3: Jordan Lee | G3: Requirements | H3: Requirements Task 01 | I3: Low | J3: Low | K3: Summit Partners | L3: 45787 | M3: 45815 | O3: Completed | P3: 0 | Q3: 21500 | R3: 0 | S3: 3 | T3: =IF(N3="","",MAX(0,N3-M3)) | U3: =IF(COUNTIFS($B$2:B3,B3,$F$2:F3,F3)=1,1,0) -> 1 | V3: =Q3-R3 -> 21500
A4: TSK-0003 | B4: PRJ-1003 | C4: Finance Vendor Transition 03 | D4: Finance | E4: Vendor Transition | F4: Morgan Patel | G4: Configuration | H4: Configuration Task 01 | I4: Low | J4: Low | K4: Northstar Consulting | L4: 45767 | M4: 45788 | O4: Completed | P4: 0.25 | Q4: 3500 | R4: 4184.71 | S4: 1 | T4: =IF(N4="","",MAX(0,N4-M4)) | U4: =IF(COUNTIFS($B$2:B4,B4,$F$2:F4,F4)=1,1,0) -> 1 | V4: =Q4-R4 -> -684.71
A5: TSK-0004 | B5: PRJ-1004 | C5: Human Resources System Implementation 04 | D5: Human Resources | E5: System Implementation | F5: Taylor Reed | G5: Execution | H5: Execution Task 01 | I5: Low | J5: Low | K5: Internal Team | L5: 46113 | M5: 46130 | N5: 46138 | O5: Completed | P5: 1 | Q5: 17400 | R5: 16848.48 | S5: 2 | T5: =IF(N5="","",MAX(0,N5-M5)) -> 8 | U5: =IF(COUNTIFS($B$2:B5,B5,$F$2:F5,F5)=1,1,0) -> 1 | V5: =Q5-R5 -> 551.52
A6: TSK-0005 | B6: PRJ-1005 | C6: Facilities Cost Reduction 05 | D6: Facilities | E6: Cost Reduction | F6: Cameron Diaz | G6: Testing | H6: Testing Task 01 | I6: Medium | J6: High | K6: Northstar Consulting | L6: 45846 | M6: 45866 | N6: 45872 | O6: Completed | P6: 1 | Q6: 44500 | R6: 51706.33 | S6: 2 | T6: =IF(N6="","",MAX(0,N6-M6)) -> 6 | U6: =IF(COUNTIFS($B$2:B6,B6,$F$2:F6,F6)=1,1,0) -> 1 | V6: =Q6-R6 -> -7206.33
A7: TSK-0006 | B7: PRJ-1006 | C7: Marketing Automation 06 | D7: Marketing | E7: Automation | F7: Riley Chen | G7: Training | H7: Training Task 01 | I7: High | J7: Medium | K7: Vertex Systems | L7: 45846 | M7: 45875 | O7: Completed | P7: 0 | Q7: 15200 | R7: 0 | S7: 2 | T7: =IF(N7="","",MAX(0,N7-M7)) | U7: =IF(COUNTIFS($B$2:B7,B7,$F$2:F7,F7)=1,1,0) -> 1 | V7: =Q7-R7 -> 15200
A8: TSK-0007 | B8: PRJ-1007 | C8: Procurement Process Improvement 07 | D8: Procurement | E8: Process Improvement | F8: Avery Brooks | G8: Launch | H8: Launch Task 01 | I8: Critical | J8: High | K8: Internal Team | L8: 45904 | M8: 45919 | N8: 45926 | O8: Completed | P8: 1 | Q8: 29500 | R8: 32674.49 | S8: 4 | T8: =IF(N8="","",MAX(0,N8-M8)) -> 7 | U8: =IF(COUNTIFS($B$2:B8,B8,$F$2:F8,F8)=1,1,0) -> 1 | V8: =Q8-R8 -> -3174.49
A9: TSK-0008 | B9: PRJ-1008 | C9: Operations Facility Upgrade 08 | D9: Operations | E9: Facility Upgrade | F9: Jordan Lee | G9: Closeout | H9: Closeout Task 01 | I9: High | J9: Medium | K9: Vertex Systems | L9: 45843 | M9: 45864 | O9: Completed | P9: 0.4 | Q9: 44900 | R9: 49516.48 | S9: 3 | T9: =IF(N9="","",MAX(0,N9-M9)) | U9: =IF(COUNTIFS($B$2:B9,B9,$F$2:F9,F9)=1,1,0) -> 1 | V9: =Q9-R9 -> -4616.48
A10: TSK-0009 | B10: PRJ-1009 | C10: Technology Compliance 09 | D10: Technology | E10: Compliance | F10: Morgan Patel | G10: Discovery | H10: Discovery Task 01 | I10: High | J10: High | K10: Internal Team | L10: 46080 | M10: 46108 | N10: 46104 | O10: Completed | P10: 1 | Q10: 27400 | R10: 27626.5 | S10: 2 | T10: =IF(N10="","",MAX(0,N10-M10)) -> 0 | U10: =IF(COUNTIFS($B$2:B10,B10,$F$2:F10,F10)=1,1,0) -> 1 | V10: =Q10-R10 -> -226.5
A11: TSK-0010 | B11: PRJ-1010 | C11: Finance Vendor Transition 10 | D11: Finance | E11: Vendor Transition | F11: Taylor Reed | G11: Planning | H11: Planning Task 01 | I11: Medium | J11: High | K11: Vertex Systems | L11: 45744 | M11: 45768 | N11: 45771 | O11: Completed | P11: 1 | Q11: 34200 | R11: 36993.98 | S11: 2 | T11: =IF(N11="","",MAX(0,N11-M11)) -> 3 | U11: =IF(COUNTIFS($B$2:B11,B11,$F$2:F11,F11)=1,1,0) -> 1 | V11: =Q11-R11 -> -2793.98
A12: TSK-0011 | B12: PRJ-1011 | C12: Human Resources System Implementation 11 | D12: Human Resources | E12: System Implementation | F12: Cameron Diaz | G12: Requirements | H12: Requirements Task 01 | I12: Medium | J12: Low | K12: Internal Team | L12: 46076 | M12: 46095 | N12: 46094 | O12: Completed | P12: 1 | Q12: 28700 | R12: 29201.75 | S12: 2 | T12: =IF(N12="","",MAX(0,N12-M12)) -> 0 | U12: =IF(COUNTIFS($B$2:B12,B12,$F$2:F12,F12)=1,1,0) -> 1 | V12: =Q12-R12 -> -501.75
A13: TSK-0012 | B13: PRJ-1012 | C13: Facilities Cost Reduction 12 | D13: Facilities | E13: Cost Reduction | F13: Riley Chen | G13: Configuration | H13: Configuration Task 01 | I13: Medium | J13: Low | K13: Internal Team | L13: 46177 | M13: 46180 | N13: 46175 | O13: Completed | P13: 1 | Q13: 22800 | R13: 25073.28 | S13: 2 | T13: =IF(N13="","",MAX(0,N13-M13)) -> 0 | U13: =IF(COUNTIFS($B$2:B13,B13,$F$2:F13,F13)=1,1,0) -> 1 | V13: =Q13-R13 -> -2273.28
A14: TSK-0013 | B14: PRJ-1013 | C14: Marketing Automation 13 | D14: Marketing | E14: Automation | F14: Avery Brooks | G14: Execution | H14: Execution Task 01 | I14: Critical | J14: Medium | K14: Internal Team | L14: 46003 | M14: 46024 | O14: On Hold | P14: 0.1 | Q14: 33300 | R14: 38044.54 | S14: 0 | T14: =IF(N14="","",MAX(0,N14-M14)) | U14: =IF(COUNTIFS($B$2:B14,B14,$F$2:F14,F14)=1,1,0) -> 1 | V14: =Q14-R14 -> -4744.54
A15: TSK-0014 | B15: PRJ-1014 | C15: Procurement Process Improvement 14 | D15: Procurement | E15: Process Improvement | F15: Jordan Lee | G15: Testing | H15: Testing Task 01 | I15: Medium | J15: Low | K15: Northstar Consulting | L15: 45847 | M15: 45855 | O15: In Progress | P15: 0.9 | Q15: 27900 | R15: 35339 | S15: 1 | T15: =IF(N15="","",MAX(0,N15-M15)) | U15: =IF(COUNTIFS($B$2:B15,B15,$F$2:F15,F15)=1,1,0) -> 1 | V15: =Q15-R15 -> -7439
A16: TSK-0015 | B16: PRJ-1015 | C16: Operations Facility Upgrade 15 | D16: Operations | E16: Facility Upgrade | F16: Morgan Patel | G16: Training | H16: Training Task 01 | I16: High | J16: Medium | K16: Vertex Systems | L16: 46067 | M16: 46091 | N16: 46085 | O16: Completed | P16: 1 | Q16: 6800 | R16: 7278.47 | S16: 2 | T16: =IF(N16="","",MAX(0,N16-M16)) -> 0 | U16: =IF(COUNTIFS($B$2:B16,B16,$F$2:F16,F16)=1,1,0) -> 1 | V16: =Q16-R16 -> -478.47
A17: TSK-0016 | B17: PRJ-1016 | C17: Technology Compliance 16 | D17: Technology | E17: Compliance | F17: Taylor Reed | G17: Launch | H17: Launch Task 01 | I17: High | J17: Low | K17: Internal Team | L17: 45897 | M17: 45922 | N17: 45930 | O17: Completed | P17: 1 | Q17: 11500 | R17: 13807.05 | S17: 0 | T17: =IF(N17="","",MAX(0,N17-M17)) -> 8 | U17: =IF(COUNTIFS($B$2:B17,B17,$F$2:F17,F17)=1,1,0) -> 1 | V17: =Q17-R17 -> -2307.05
A18: TSK-0017 | B18: PRJ-1017 | C18: Finance Vendor Transition 17 | D18: Finance | E18: Vendor Transition | F18: Cameron Diaz | G18: Closeout | H18: Closeout Task 01 | I18: Low | J18: Low | K18: Northstar Consulting | L18: 45733 | M18: 45753 | O18: Not Started | P18: 0 | Q18: 42200 | R18: 0 | S18: 1 | T18: =IF(N18="","",MAX(0,N18-M18)) | U18: =IF(COUNTIFS($B$2:B18,B18,$F$2:F18,F18)=1,1,0) -> 1 | V18: =Q18-R18 -> 42200
A19: TSK-0018 | B19: PRJ-1018 | C19: Human Resources System Implementation 18 | D19: Human Resources | E19: System Implementation | F19: Riley Chen | G19: Discovery | H19: Discovery Task 01 | I19: High | J19: Medium | K19: Internal Team | L19: 45702 | M19: 45726 | O19: In Progress | P19: 0.6 | Q19: 19400 | R19: 20255.08 | S19: 1 | T19: =IF(N19="","",MAX(0,N19-M19)) | U19: =IF(COUNTIFS($B$2:B19,B19,$F$2:F19,F19)=1,1,0) -> 1 | V19: =Q19-R19 -> -855.08
A20: TSK-0019 | B20: PRJ-1019 | C20: Facilities Cost Reduction 19 | D20: Facilities | E20: Cost Reduction | F20: Avery Brooks | G20: Planning | H20: Planning Task 01 | I20: High | J20: Medium | K20: Internal Team | L20: 45796 | M20: 45824 | N20: 45826 | O20: Completed | P20: 1 | Q20: 21000 | R20: 22920.48 | S20: 1 | T20: =IF(N20="","",MAX(0,N20-M20)) -> 2 | U20: =IF(COUNTIFS($B$2:B20,B20,$F$2:F20,F20)=1,1,0) -> 1 | V20: =Q20-R20 -> -1920.48
A21: TSK-0020 | B21: PRJ-1020 | C21: Marketing Automation 20 | D21: Marketing | E21: Automation | F21: Jordan Lee | G21: Requirements | H21: Requirements Task 01 | I21: Medium | J21: High | K21: Internal Team | L21: 45914 | M21: 45920 | O21: Not Started | P21: 0 | Q21: 45000 | R21: 0 | S21: 5 | T21: =IF(N21="","",MAX(0,N21-M21)) | U21: =IF(COUNTIFS($B$2:B21,B21,$F$2:F21,F21)=1,1,0) -> 1 | V21: =Q21-R21 -> 45000
A22: TSK-0021 | B22: PRJ-1021 | C22: Procurement Process Improvement 21 | D22: Procurement | E22: Process Improvement | F22: Morgan Patel | G22: Configuration | H22: Configuration Task 01 | I22: Critical | J22: Medium | K22: Internal Team | L22: 45906 | M22: 45924 | O22: In Progress | P22: 0.6 | Q22: 40800 | R22: 31473.08 | S22: 2 | T22: =IF(N22="","",MAX(0,N22-M22)) | U22: =IF(COUNTIFS($B$2:B22,B22,$F$2:F22,F22)=1,1,0) -> 1 | V22: =Q22-R22 -> 9326.92
A23: TSK-0022 | B23: PRJ-1022 | C23: Operations Facility Upgrade 22 | D23: Operations | E23: Facility Upgrade | F23: Taylor Reed | G23: Execution | H23: Execution Task 01 | I23: Medium | J23: High | K23: Vertex Systems | L23: 45994 | M23: 46010 | N23: 46012 | O23: Completed | P23: 1 | Q23: 33300 | R23: 36753.47 | S23: 1 | T23: =IF(N23="","",MAX(0,N23-M23)) -> 2 | U23: =IF(COUNTIFS($B$2:B23,B23,$F$2:F23,F23)=1,1,0) -> 1 | V23: =Q23-R23 -> -3453.47
A24: TSK-0023 | B24: PRJ-1023 | C24: Technology Compliance 23 | D24: Technology | E24: Compliance | F24: Cameron Diaz | G24: Testing | H24: Testing Task 01 | I24: Medium | J24: Low | K24: Internal Team | L24: 45985 | M24: 46006 | N24: 46014 | O24: Completed | P24: 1 | Q24: 3700 | R24: 3905.95 | S24: 0 | T24: =IF(N24="","",MAX(0,N24-M24)) -> 8 | U24: =IF(COUNTIFS($B$2:B24,B24,$F$2:F24,F24)=1,1,0) -> 1 | V24: =Q24-R24 -> -205.95
A25: TSK-0024 | B25: PRJ-1024 | C25: Finance Vendor Transition 24 | D25: Finance | E25: Vendor Transition | F25: Riley Chen | G25: Training | H25: Training Task 01 | I25: Medium | J25: Low | K25: Apex Solutions | L25: 45723 | M25: 45728 | N25: 45732 | O25: Completed | P25: 1 | Q25: 30900 | R25: 31677.47 | S25: 2 | T25: =IF(N25="","",MAX(0,N25-M25)) -> 4 | U25: =IF(COUNTIFS($B$2:B25,B25,$F$2:F25,F25)=1,1,0) -> 1 | V25: =Q25-R25 -> -777.47
A26: TSK-0025 | B26: PRJ-1025 | C26: Human Resources System Implementation 25 | D26: Human Resources | E26: System Implementation | F26: Avery Brooks | G26: Launch | H26: Launch Task 01 | I26: High | J26: Low | K26: Northstar Consulting | L26: 45970 | M26: 45986 | N26: 45982 | O26: Completed | P26: 1 | Q26: 12800 | R26: 12566.69 | S26: 1 | T26: =IF(N26="","",MAX(0,N26-M26)) -> 0 | U26: =IF(COUNTIFS($B$2:B26,B26,$F$2:F26,F26)=1,1,0) -> 1 | V26: =Q26-R26 -> 233.31
A27: TSK-0026 | B27: PRJ-1026 | C27: Facilities Cost Reduction 26 | D27: Facilities | E27: Cost Reduction | F27: Jordan Lee | G27: Closeout | H27: Closeout Task 01 | I27: Medium | J27: Low | K27: Northstar Consulting | L27: 45881 | M27: 45894 | N27: 45891 | O27: Completed | P27: 1 | Q27: 42200 | R27: 49500.61 | S27: 1 | T27: =IF(N27="","",MAX(0,N27-M27)) -> 0 | U27: =IF(COUNTIFS($B$2:B27,B27,$F$2:F27,F27)=1,1,0) -> 1 | V27: =Q27-R27 -> -7300.61
A28: TSK-0027 | B28: PRJ-1027 | C28: Marketing Automation 27 | D28: Marketing | E28: Automation | F28: Morgan Patel | G28: Discovery | H28: Discovery Task 01 | I28: Medium | J28: Low | K28: Apex Solutions | L28: 46158 | M28: 46169 | O28: Not Started | P28: 0 | Q28: 16700 | R28: 0 | S28: 2 | T28: =IF(N28="","",MAX(0,N28-M28)) | U28: =IF(COUNTIFS($B$2:B28,B28,$F$2:F28,F28)=1,1,0) -> 1 | V28: =Q28-R28 -> 16700
A29: TSK-0028 | B29: PRJ-1028 | C29: Procurement Process Improvement 28 | D29: Procurement | E29: Process Improvement | F29: Taylor Reed | G29: Planning | H29: Planning Task 01 | I29: Medium | J29: Low | K29: Apex Solutions | L29: 46072 | M29: 46094 | O29: On Hold | P29: 0.65 | Q29: 1800 | R29: 1904.35 | S29: 0 | T29: =IF(N29="","",MAX(0,N29-M29)) | U29: =IF(COUNTIFS($B$2:B29,B29,$F$2:F29,F29)=1,1,0) -> 1 | V29: =Q29-R29 -> -104.35
A30: TSK-0029 | B30: PRJ-1029 | C30: Operations Facility Upgrade 29 | D30: Operations | E30: Facility Upgrade | F30: Cameron Diaz | G30: Requirements | H30: Requirements Task 01 | I30: High | J30: High | K30: Internal Team | L30: 46051 | M30: 46057 | N30: 46062 | O30: Completed | P30: 1 | Q30: 10700 | R30: 12242.5 | S30: 2 | T30: =IF(N30="","",MAX(0,N30-M30)) -> 5 | U30: =IF(COUNTIFS($B$2:B30,B30,$F$2:F30,F30)=1,1,0) -> 1 | V30: =Q30-R30 -> -1542.5
A31: TSK-0030 | B31: PRJ-1030 | C31: Technology Compliance 30 | D31: Technology | E31: Compliance | F31: Riley Chen | G31: Execution | H31: Execution Task 01 | I31: High | J31: Low | K31: Internal Team | L31: 45955 | M31: 45960 | N31: 45971 | O31: Completed | P31: 1 | Q31: 37600 | R31: 41936.03 | S31: 2 | T31: =IF(N31="","",MAX(0,N31-M31)) -> 11 | U31: =IF(COUNTIFS($B$2:B31,B31,$F$2:F31,F31)=1,1,0) -> 1 | V31: =Q31-R31 -> -4336.03
A32: TSK-0031 | B32: PRJ-1001 | C32: Operations Facility Upgrade 01 | D32: Operations | E32: Facility Upgrade | F32: Avery Brooks | G32: Testing | H32: Testing Task 02 | I32: Medium | J32: High | K32: Internal Team | L32: 46103 | M32: 46123 | N32: 46122 | O32: Completed | P32: 1 | Q32: 42600 | R32: 44729.63 | S32: 3 | T32: =IF(N32="","",MAX(0,N32-M32)) -> 0 | U32: =IF(COUNTIFS($B$2:B32,B32,$F$2:F32,F32)=1,1,0) -> 0 | V32: =Q32-R32 -> -2129.63
A33: TSK-0032 | B33: PRJ-1002 | C33: Technology Compliance 02 | D33: Technology | E33: Compliance | F33: Jordan Lee | G33: Training | H33: Training Task 02 | I33: Low | J33: Low | K33: Apex Solutions | L33: 45830 | M33: 45837 | O33: Completed | P33: 0 | Q33: 17400 | R33: 0 | S33: 4 | T33: =IF(N33="","",MAX(0,N33-M33)) | U33: =IF(COUNTIFS($B$2:B33,B33,$F$2:F33,F33)=1,1,0) -> 0 | V33: =Q33-R33 -> 17400
A34: TSK-0033 | B34: PRJ-1003 | C34: Finance Vendor Transition 03 | D34: Finance | E34: Vendor Transition | F34: Morgan Patel | G34: Launch | H34: Launch Task 02 | I34: Low | J34: Low | K34: Vertex Systems | L34: 45701 | M34: 45715 | N34: 45709 | O34: Completed | P34: 1 | Q34: 40000 | R34: 35703.39 | S34: 2 | T34: =IF(N34="","",MAX(0,N34-M34)) -> 0 | U34: =IF(COUNTIFS($B$2:B34,B34,$F$2:F34,F34)=1,1,0) -> 0 | V34: =Q34-R34 -> 4296.61
A35: TSK-0034 | B35: PRJ-1004 | C35: Human Resources System Implementation 04 | D35: Human Resources | E35: System Implementation | F35: Taylor Reed | G35: Closeout | H35: Closeout Task 02 | I35: Medium | J35: High | K35: Summit Partners | L35: 46087 | M35: 46103 | O35: Completed | P35: 0 | Q35: 33500 | R35: 0 | S35: 6 | T35: =IF(N35="","",MAX(0,N35-M35)) | U35: =IF(COUNTIFS($B$2:B35,B35,$F$2:F35,F35)=1,1,0) -> 0 | V35: =Q35-R35 -> 33500
A36: TSK-0035 | B36: PRJ-1005 | C36: Facilities Cost Reduction 05 | D36: Facilities | E36: Cost Reduction | F36: Cameron Diaz | G36: Discovery | H36: Discovery Task 02 | I36: High | J36: High | K36: Summit Partners | L36: 45871 | M36: 45879 | N36: 45892 | O36: Completed | P36: 1 | Q36: 38800 | R36: 46953.87 | S36: 3 | T36: =IF(N36="","",MAX(0,N36-M36)) -> 13 | U36: =IF(COUNTIFS($B$2:B36,B36,$F$2:F36,F36)=1,1,0) -> 0 | V36: =Q36-R36 -> -8153.87
A37: TSK-0036 | B37: PRJ-1006 | C37: Marketing Automation 06 | D37: Marketing | E37: Automation | F37: Riley Chen | G37: Planning | H37: Planning Task 02 | I37: Medium | J37: Low | K37: Summit Partners | L37: 45846 | M37: 45856 | O37: Completed | P37: 0 | Q37: 9900 | R37: 0 | S37: 0 | T37: =IF(N37="","",MAX(0,N37-M37)) | U37: =IF(COUNTIFS($B$2:B37,B37,$F$2:F37,F37)=1,1,0) -> 0 | V37: =Q37-R37 -> 9900
A38: TSK-0037 | B38: PRJ-1007 | C38: Procurement Process Improvement 07 | D38: Procurement | E38: Process Improvement | F38: Avery Brooks | G38: Requirements | H38: Requirements Task 02 | I38: Critical | J38: Low | K38: Northstar Consulting | L38: 45879 | M38: 45903 | O38: Completed | P38: 0.65 | Q38: 15900 | R38: 19299.77 | S38: 4 | T38: =IF(N38="","",MAX(0,N38-M38)) | U38: =IF(COUNTIFS($B$2:B38,B38,$F$2:F38,F38)=1,1,0) -> 0 | V38: =Q38-R38 -> -3399.77
A39: TSK-0038 | B39: PRJ-1008 | C39: Operations Facility Upgrade 08 | D39: Operations | E39: Facility Upgrade | F39: Jordan Lee | G39: Configuration | H39: Configuration Task 02 | I39: Medium | J39: Medium | K39: BluePeak Services | L39: 45743 | M39: 45749 | N39: 45753 | O39: Completed | P39: 1 | Q39: 16500 | R39: 17271 | S39: 0 | T39: =IF(N39="","",MAX(0,N39-M39)) -> 4 | U39: =IF(COUNTIFS($B$2:B39,B39,$F$2:F39,F39)=1,1,0) -> 0 | V39: =Q39-R39 -> -771
A40: TSK-0039 | B40: PRJ-1009 | C40: Technology Compliance 09 | D40: Technology | E40: Compliance | F40: Morgan Patel | G40: Execution | H40: Execution Task 02 | I40: Critical | J40: Low | K40: BluePeak Services | L40: 46088 | M40: 46099 | O40: Not Started | P40: 0 | Q40: 20500 | R40: 0 | S40: 1 | T40: =IF(N40="","",MAX(0,N40-M40)) | U40: =IF(COUNTIFS($B$2:B40,B40,$F$2:F40,F40)=1,1,0) -> 0 | V40: =Q40-R40 -> 20500
A41: TSK-0040 | B41: PRJ-1010 | C41: Finance Vendor Transition 10 | D41: Finance | E41: Vendor Transition | F41: Taylor Reed | G41: Testing | H41: Testing Task 02 | I41: High | J41: High | K41: Vertex Systems | L41: 45765 | M41: 45779 | O41: In Progress | P41: 0.85 | Q41: 41600 | R41: 39682.08 | S41: 2 | T41: =IF(N41="","",MAX(0,N41-M41)) | U41: =IF(COUNTIFS($B$2:B41,B41,$F$2:F41,F41)=1,1,0) -> 0 | V41: =Q41-R41 -> 1917.92
A42: TSK-0041 | B42: PRJ-1011 | C42: Human Resources System Implementation 11 | D42: Human Resources | E42: System Implementation | F42: Cameron Diaz | G42: Training | H42: Training Task 02 | I42: Medium | J42: High | K42: Apex Solutions | L42: 46113 | M42: 46126 | O42: In Progress | P42: 0.5 | Q42: 25600 | R42: 28880.11 | S42: 5 | T42: =IF(N42="","",MAX(0,N42-M42)) | U42: =IF(COUNTIFS($B$2:B42,B42,$F$2:F42,F42)=1,1,0) -> 0 | V42: =Q42-R42 -> -3280.11
A43: TSK-0042 | B43: PRJ-1012 | C43: Facilities Cost Reduction 12 | D43: Facilities | E43: Cost Reduction | F43: Riley Chen | G43: Launch | H43: Launch Task 02 | I43: Medium | J43: Medium | K43: Internal Team | L43: 46187 | M43: 46199 | O43: In Progress | P43: 0.9 | Q43: 1500 | R43: 1489.79 | S43: 3 | T43: =IF(N43="","",MAX(0,N43-M43)) | U43: =IF(COUNTIFS($B$2:B43,B43,$F$2:F43,F43)=1,1,0) -> 0 | V43: =Q43-R43 -> 10.21
A44: TSK-0043 | B44: PRJ-1013 | C44: Marketing Automation 13 | D44: Marketing | E44: Automation | F44: Avery Brooks | G44: Closeout | H44: Closeout Task 02 | I44: High | J44: Medium | K44: Apex Solutions | L44: 46055 | M44: 46079 | O44: In Progress | P44: 0.6 | Q44: 36000 | R44: 42977.86 | S44: 1 | T44: =IF(N44="","",MAX(0,N44-M44)) | U44: =IF(COUNTIFS($B$2:B44,B44,$F$2:F44,F44)=1,1,0) -> 0 | V44: =Q44-R44 -> -6977.86
A45: TSK-0044 | B45: PRJ-1014 | C45: Procurement Process Improvement 14 | D45: Procurement | E45: Process Improvement | F45: Jordan Lee | G45: Discovery | H45: Discovery Task 02 | I45: High | J45: Low | K45: Northstar Consulting | L45: 45792 | M45: 45797 | N45: 45799 | O45: Completed | P45: 1 | Q45: 11300 | R45: 9668.05 | S45: 1 | T45: =IF(N45="","",MAX(0,N45-M45)) -> 2 | U45: =IF(COUNTIFS($B$2:B45,B45,$F$2:F45,F45)=1,1,0) -> 0 | V45: =Q45-R45 -> 1631.95
A46: TSK-0045 | B46: PRJ-1015 | C46: Operations Facility Upgrade 15 | D46: Operations | E46: Facility Upgrade | F46: Morgan Patel | G46: Planning | H46: Planning Task 02 | I46: Medium | J46: Low | K46: Summit Partners | L46: 45983 | M46: 46000 | O46: In Progress | P46: 0.85 | Q46: 26500 | R46: 27645.43 | S46: 1 | T46: =IF(N46="","",MAX(0,N46-M46)) | U46: =IF(COUNTIFS($B$2:B46,B46,$F$2:F46,F46)=1,1,0) -> 0 | V46: =Q46-R46 -> -1145.43
A47: TSK-0046 | B47: PRJ-1016 | C47: Technology Compliance 16 | D47: Technology | E47: Compliance | F47: Taylor Reed | G47: Requirements | H47: Requirements Task 02 | I47: Medium | J47: Low | K47: Vertex Systems | L47: 45906 | M47: 45933 | O47: In Progress | P47: 0.4 | Q47: 36500 | R47: 33355.74 | S47: 1 | T47: =IF(N47="","",MAX(0,N47-M47)) | U47: =IF(COUNTIFS($B$2:B47,B47,$F$2:F47,F47)=1,1,0) -> 0 | V47: =Q47-R47 -> 3144.26
A48: TSK-0047 | B48: PRJ-1017 | C48: Finance Vendor Transition 17 | D48: Finance | E48: Vendor Transition | F48: Cameron Diaz | G48: Configuration | H48: Configuration Task 02 | I48: Medium | J48: High | K48: Internal Team | L48: 45713 | M48: 45741 | N48: 45736 | O48: Completed | P48: 1 | Q48: 24600 | R48: 24117.91 | S48: 3 | T48: =IF(N48="","",MAX(0,N48-M48)) -> 0 | U48: =IF(COUNTIFS($B$2:B48,B48,$F$2:F48,F48)=1,1,0) -> 0 | V48: =Q48-R48 -> 482.09
A49: TSK-0048 | B49: PRJ-1018 | C49: Human Resources System Implementation 18 | D49: Human Resources | E49: System Implementation | F49: Riley Chen | G49: Execution | H49: Execution Task 02 | I49: High | J49: Low | K49: Summit Partners | L49: 45807 | M49: 45823 | N49: 45811 | O49: Completed | P49: 1 | Q49: 33800 | R49: 32126.3 | S49: 0 | T49: =IF(N49="","",MAX(0,N49-M49)) -> 0 | U49: =IF(COUNTIFS($B$2:B49,B49,$F$2:F49,F49)=1,1,0) -> 0 | V49: =Q49-R49 -> 1673.7
A50: TSK-0049 | B50: PRJ-1019 | C50: Facilities Cost Reduction 19 | D50: Facilities | E50: Cost Reduction | F50: Avery Brooks | G50: Testing | H50: Testing Task 02 | I50: Medium | J50: Medium | K50: Vertex Systems | L50: 45843 | M50: 45861 | N50: 45864 | O50: Completed | P50: 1 | Q50: 13400 | R50: 14736.71 | S50: 2 | T50: =IF(N50="","",MAX(0,N50-M50)) -> 3 | U50: =IF(COUNTIFS($B$2:B50,B50,$F$2:F50,F50)=1,1,0) -> 0 | V50: =Q50-R50 -> -1336.71
A51: TSK-0050 | B51: PRJ-1020 | C51: Marketing Automation 20 | D51: Marketing | E51: Automation | F51: Jordan Lee | G51: Training | H51: Training Task 02 | I51: Medium | J51: Low | K51: Apex Solutions | L51: 45809 | M51: 45816 | O51: In Progress | P51: 0.85 | Q51: 8100 | R51: 8469.14 | S51: 3 | T51: =IF(N51="","",MAX(0,N51-M51)) | U51: =IF(COUNTIFS($B$2:B51,B51,$F$2:F51,F51)=1,1,0) -> 0 | V51: =Q51-R51 -> -369.14
A52: TSK-0051 | B52: PRJ-1021 | C52: Procurement Process Improvement 21 | D52: Procurement | E52: Process Improvement | F52: Morgan Patel | G52: Launch | H52: Launch Task 02 | I52: Medium | J52: Low | K52: Internal Team | L52: 45889 | M52: 45904 | N52: 45897 | O52: Completed | P52: 1 | Q52: 38800 | R52: 36258.3 | S52: 1 | T52: =IF(N52="","",MAX(0,N52-M52)) -> 0 | U52: =IF(COUNTIFS($B$2:B52,B52,$F$2:F52,F52)=1,1,0) -> 0 | V52: =Q52-R52 -> 2541.7
A53: TSK-0052 | B53: PRJ-1022 | C53: Operations Facility Upgrade 22 | D53: Operations | E53: Facility Upgrade | F53: Taylor Reed | G53: Closeout | H53: Closeout Task 02 | I53: Low | J53: Low | K53: Vertex Systems | L53: 46028 | M53: 46048 | N53: 46043 | O53: Completed | P53: 1 | Q53: 25300 | R53: 24240.58 | S53: 1 | T53: =IF(N53="","",MAX(0,N53-M53)) -> 0 | U53: =IF(COUNTIFS($B$2:B53,B53,$F$2:F53,F53)=1,1,0) -> 0 | V53: =Q53-R53 -> 1059.42
A54: TSK-0053 | B54: PRJ-1023 | C54: Technology Compliance 23 | D54: Technology | E54: Compliance | F54: Cameron Diaz | G54: Discovery | H54: Discovery Task 02 | I54: Medium | J54: Low | K54: Internal Team | L54: 46057 | M54: 46081 | N54: 46080 | O54: Completed | P54: 1 | Q54: 21800 | R54: 23050.68 | S54: 2 | T54: =IF(N54="","",MAX(0,N54-M54)) -> 0 | U54: =IF(COUNTIFS($B$2:B54,B54,$F$2:F54,F54)=1,1,0) -> 0 | V54: =Q54-R54 -> -1250.68
A55: TSK-0054 | B55: PRJ-1024 | C55: Finance Vendor Transition 24 | D55: Finance | E55: Vendor Transition | F55: Riley Chen | G55: Planning | H55: Planning Task 02 | I55: Low | J55: Low | K55: Apex Solutions | L55: 45682 | M55: 45687 | N55: 45696 | O55: Completed | P55: 1 | Q55: 7400 | R55: 7294.06 | S55: 1 | T55: =IF(N55="","",MAX(0,N55-M55)) -> 9 | U55: =IF(COUNTIFS($B$2:B55,B55,$F$2:F55,F55)=1,1,0) -> 0 | V55: =Q55-R55 -> 105.94
A56: TSK-0055 | B56: PRJ-1025 | C56: Human Resources System Implementation 25 | D56: Human Resources | E56: System Implementation | F56: Avery Brooks | G56: Requirements | H56: Requirements Task 02 | I56: Medium | J56: Low | K56: Internal Team | L56: 46047 | M56: 46058 | N56: 46063 | O56: Completed | P56: 1 | Q56: 5100 | R56: 4829.66 | S56: 3 | T56: =IF(N56="","",MAX(0,N56-M56)) -> 5 | U56: =IF(COUNTIFS($B$2:B56,B56,$F$2:F56,F56)=1,1,0) -> 0 | V56: =Q56-R56 -> 270.34
A57: TSK-0056 | B57: PRJ-1026 | C57: Facilities Cost Reduction 26 | D57: Facilities | E57: Cost Reduction | F57: Jordan Lee | G57: Configuration | H57: Configuration Task 02 | I57: Critical | J57: Low | K57: Northstar Consulting | L57: 45774 | M57: 45801 | O57: Not Started | P57: 0 | Q57: 12300 | R57: 0 | S57: 2 | T57: =IF(N57="","",MAX(0,N57-M57)) | U57: =IF(COUNTIFS($B$2:B57,B57,$F$2:F57,F57)=1,1,0) -> 0 | V57: =Q57-R57 -> 12300
A58: TSK-0057 | B58: PRJ-1027 | C58: Marketing Automation 27 | D58: Marketing | E58: Automation | F58: Morgan Patel | G58: Execution | H58: Execution Task 02 | I58: Medium | J58: Low | K58: Internal Team | L58: 46084 | M58: 46101 | N58: 46095 | O58: Completed | P58: 1 | Q58: 34900 | R58: 38190.16 | S58: 3 | T58: =IF(N58="","",MAX(0,N58-M58)) -> 0 | U58: =IF(COUNTIFS($B$2:B58,B58,$F$2:F58,F58)=1,1,0) -> 0 | V58: =Q58-R58 -> -3290.16
A59: TSK-0058 | B59: PRJ-1028 | C59: Procurement Process Improvement 28 | D59: Procurement | E59: Process Improvement | F59: Taylor Reed | G59: Testing | H59: Testing Task 02 | I59: High | J59: Low | K59: Summit Partners | L59: 46074 | M59: 46080 | N59: 46090 | O59: Completed | P59: 1 | Q59: 41000 | R59: 39267.89 | S59: 0 | T59: =IF(N59="","",MAX(0,N59-M59)) -> 10 | U59: =IF(COUNTIFS($B$2:B59,B59,$F$2:F59,F59)=1,1,0) -> 0 | V59: =Q59-R59 -> 1732.11
A60: TSK-0059 | B60: PRJ-1029 | C60: Operations Facility Upgrade 29 | D60: Operations | E60: Facility Upgrade | F60: Cameron Diaz | G60: Training | H60: Training Task 02 | I60: Medium | J60: Medium | K60: Summit Partners | L60: 46084 | M60: 46090 | N60: 46104 | O60: Completed | P60: 1 | Q60: 14600 | R60: 13725.35 | S60: 0 | T60: =IF(N60="","",MAX(0,N60-M60)) -> 14 | U60: =IF(COUNTIFS($B$2:B60,B60,$F$2:F60,F60)=1,1,0) -> 0 | V60: =Q60-R60 -> 874.65
A61: TSK-0060 | B61: PRJ-1030 | C61: Technology Compliance 30 | D61: Technology | E61: Compliance | F61: Riley Chen | G61: Closeout | H61: Closeout Task 02 | I61: High | J61: Medium | K61: Internal Team | L61: 46078 | M61: 46094 | N61: 46105 | O61: Completed | P61: 1 | Q61: 2100 | R61: 2282.06 | S61: 0 | T61: =IF(N61="","",MAX(0,N61-M61)) -> 11 | U61: =IF(COUNTIFS($B$2:B61,B61,$F$2:F61,F61)=1,1,0) -> 0 | V61: =Q61-R61 -> -182.06
A62: TSK-0061 | B62: PRJ-1001 | C62: Operations Facility Upgrade 01 | D62: Operations | E62: Facility Upgrade | F62: Avery Brooks | G62: Discovery | H62: Discovery Task 03 | I62: Medium | J62: Low | K62: BluePeak Services | L62: 46107 | M62: 46132 | O62: Completed | P62: 0 | Q62: 9200 | R62: 0 | S62: 0 | T62: =IF(N62="","",MAX(0,N62-M62)) | U62: =IF(COUNTIFS($B$2:B62,B62,$F$2:F62,F62)=1,1,0) -> 0 | V62: =Q62-R62 -> 9200
A63: TSK-0062 | B63: PRJ-1002 | C63: Technology Compliance 02 | D63: Technology | E63: Compliance | F63: Jordan Lee | G63: Planning | H63: Planning Task 03 | I63: High | J63: High | K63: Vertex Systems | L63: 45839 | M63: 45855 | N63: 45856 | O63: Completed | P63: 1 | Q63: 27300 | R63: 28221.85 | S63: 4 | T63: =IF(N63="","",MAX(0,N63-M63)) -> 1 | U63: =IF(COUNTIFS($B$2:B63,B63,$F$2:F63,F63)=1,1,0) -> 0 | V63: =Q63-R63 -> -921.85
A64: TSK-0063 | B64: PRJ-1003 | C64: Finance Vendor Transition 03 | D64: Finance | E64: Vendor Transition | F64: Morgan Patel | G64: Requirements | H64: Requirements Task 03 | I64: Critical | J64: Low | K64: Apex Solutions | L64: 45793 | M64: 45814 | N64: 45815 | O64: Completed | P64: 1 | Q64: 38500 | R64: 39974.34 | S64: 2 | T64: =IF(N64="","",MAX(0,N64-M64)) -> 1 | U64: =IF(COUNTIFS($B$2:B64,B64,$F$2:F64,F64)=1,1,0) -> 0 | V64: =Q64-R64 -> -1474.34
A65: TSK-0064 | B65: PRJ-1004 | C65: Human Resources System Implementation 04 | D65: Human Resources | E65: System Implementation | F65: Taylor Reed | G65: Configuration | H65: Configuration Task 03 | I65: High | J65: Low | K65: Summit Partners | L65: 46112 | M65: 46132 | O65: Completed | P65: 0 | Q65: 42700 | R65: 0 | S65: 3 | T65: =IF(N65="","",MAX(0,N65-M65)) | U65: =IF(COUNTIFS($B$2:B65,B65,$F$2:F65,F65)=1,1,0) -> 0 | V65: =Q65-R65 -> 42700
A66: TSK-0065 | B66: PRJ-1005 | C66: Facilities Cost Reduction 05 | D66: Facilities | E66: Cost Reduction | F66: Cameron Diaz | G66: Execution | H66: Execution Task 03 | I66: Medium | J66: Medium | K66: Vertex Systems | L66: 45928 | M66: 45945 | N66: 45953 | O66: Completed | P66: 1 | Q66: 5500 | R66: 5774.78 | S66: 4 | T66: =IF(N66="","",MAX(0,N66-M66)) -> 8 | U66: =IF(COUNTIFS($B$2:B66,B66,$F$2:F66,F66)=1,1,0) -> 0 | V66: =Q66-R66 -> -274.78
A67: TSK-0066 | B67: PRJ-1006 | C67: Marketing Automation 06 | D67: Marketing | E67: Automation | F67: Riley Chen | G67: Testing | H67: Testing Task 03 | I67: Medium | J67: Medium | K67: Apex Solutions | L67: 45923 | M67: 45937 | O67: Completed | P67: 0.85 | Q67: 25400 | R67: 24073.83 | S67: 3 | T67: =IF(N67="","",MAX(0,N67-M67)) | U67: =IF(COUNTIFS($B$2:B67,B67,$F$2:F67,F67)=1,1,0) -> 0 | V67: =Q67-R67 -> 1326.17
A68: TSK-0067 | B68: PRJ-1007 | C68: Procurement Process Improvement 07 | D68: Procurement | E68: Process Improvement | F68: Avery Brooks | G68: Training | H68: Training Task 03 | I68: Medium | J68: Low | K68: Vertex Systems | L68: 45857 | M68: 45863 | N68: 45875 | O68: Completed | P68: 1 | Q68: 9800 | R68: 9494.71 | S68: 1 | T68: =IF(N68="","",MAX(0,N68-M68)) -> 12 | U68: =IF(COUNTIFS($B$2:B68,B68,$F$2:F68,F68)=1,1,0) -> 0 | V68: =Q68-R68 -> 305.29
A69: TSK-0068 | B69: PRJ-1008 | C69: Operations Facility Upgrade 08 | D69: Operations | E69: Facility Upgrade | F69: Jordan Lee | G69: Launch | H69: Launch Task 03 | I69: High | J69: Medium | K69: Northstar Consulting | L69: 45759 | M69: 45788 | O69: Completed | P69: 0.4 | Q69: 17200 | R69: 16025.68 | S69: 1 | T69: =IF(N69="","",MAX(0,N69-M69)) | U69: =IF(COUNTIFS($B$2:B69,B69,$F$2:F69,F69)=1,1,0) -> 0 | V69: =Q69-R69 -> 1174.32
A70: TSK-0069 | B70: PRJ-1009 | C70: Technology Compliance 09 | D70: Technology | E70: Compliance | F70: Morgan Patel | G70: Closeout | H70: Closeout Task 03 | I70: Medium | J70: Low | K70: Internal Team | L70: 46114 | M70: 46139 | O70: In Progress | P70: 0.5 | Q70: 6000 | R70: 7100.27 | S70: 2 | T70: =IF(N70="","",MAX(0,N70-M70)) | U70: =IF(COUNTIFS($B$2:B70,B70,$F$2:F70,F70)=1,1,0) -> 0 | V70: =Q70-R70 -> -1100.27
A71: TSK-0070 | B71: PRJ-1010 | C71: Finance Vendor Transition 10 | D71: Finance | E71: Vendor Transition | F71: Taylor Reed | G71: Discovery | H71: Discovery Task 03 | I71: Medium | J71: Low | K71: BluePeak Services | L71: 45779 | M71: 45809 | N71: 45811 | O71: Completed | P71: 1 | Q71: 37300 | R71: 36739.44 | S71: 1 | T71: =IF(N71="","",MAX(0,N71-M71)) -> 2 | U71: =IF(COUNTIFS($B$2:B71,B71,$F$2:F71,F71)=1,1,0) -> 0 | V71: =Q71-R71 -> 560.56
A72: TSK-0071 | B72: PRJ-1011 | C72: Human Resources System Implementation 11 | D72: Human Resources | E72: System Implementation | F72: Cameron Diaz | G72: Planning | H72: Planning Task 03 | I72: High | J72: Low | K72: Internal Team | L72: 46153 | M72: 46165 | O72: Not Started | P72: 0 | Q72: 12300 | R72: 0 | S72: 1 | T72: =IF(N72="","",MAX(0,N72-M72)) | U72: =IF(COUNTIFS($B$2:B72,B72,$F$2:F72,F72)=1,1,0) -> 0 | V72: =Q72-R72 -> 12300
A73: TSK-0072 | B73: PRJ-1012 | C73: Facilities Cost Reduction 12 | D73: Facilities | E73: Cost Reduction | F73: Riley Chen | G73: Requirements | H73: Requirements Task 03 | I73: High | J73: Medium | K73: Vertex Systems | L73: 46139 | M73: 46156 | N73: 46155 | O73: Completed | P73: 1 | Q73: 20200 | R73: 23435.09 | S73: 1 | T73: =IF(N73="","",MAX(0,N73-M73)) -> 0 | U73: =IF(COUNTIFS($B$2:B73,B73,$F$2:F73,F73)=1,1,0) -> 0 | V73: =Q73-R73 -> -3235.09
A74: TSK-0073 | B74: PRJ-1013 | C74: Marketing Automation 13 | D74: Marketing | E74: Automation | F74: Avery Brooks | G74: Configuration | H74: Configuration Task 03 | I74: Critical | J74: Low | K74: Vertex Systems | L74: 45996 | M74: 46007 | N74: 46008 | O74: Completed | P74: 1 | Q74: 8300 | R74: 8632.14 | S74: 2 | T74: =IF(N74="","",MAX(0,N74-M74)) -> 1 | U74: =IF(COUNTIFS($B$2:B74,B74,$F$2:F74,F74)=1,1,0) -> 0 | V74: =Q74-R74 -> -332.14
A75: TSK-0074 | B75: PRJ-1014 | C75: Procurement Process Improvement 14 | D75: Procurement | E75: Process Improvement | F75: Jordan Lee | G75: Execution | H75: Execution Task 03 | I75: Low | J75: Low | K75: Northstar Consulting | L75: 45781 | M75: 45785 | O75: In Progress | P75: 0.85 | Q75: 13800 | R75: 14446.73 | S75: 1 | T75: =IF(N75="","",MAX(0,N75-M75)) | U75: =IF(COUNTIFS($B$2:B75,B75,$F$2:F75,F75)=1,1,0) -> 0 | V75: =Q75-R75 -> -646.73
A76: TSK-0075 | B76: PRJ-1015 | C76: Operations Facility Upgrade 15 | D76: Operations | E76: Facility Upgrade | F76: Morgan Patel | G76: Testing | H76: Testing Task 03 | I76: Medium | J76: Low | K76: Summit Partners | L76: 46115 | M76: 46139 | N76: 46142 | O76: Completed | P76: 1 | Q76: 11300 | R76: 12107.09 | S76: 2 | T76: =IF(N76="","",MAX(0,N76-M76)) -> 3 | U76: =IF(COUNTIFS($B$2:B76,B76,$F$2:F76,F76)=1,1,0) -> 0 | V76: =Q76-R76 -> -807.09
A77: TSK-0076 | B77: PRJ-1016 | C77: Technology Compliance 16 | D77: Technology | E77: Compliance | F77: Taylor Reed | G77: Training | H77: Training Task 03 | I77: Medium | J77: Low | K77: Summit Partners | L77: 46024 | M77: 46036 | O77: In Progress | P77: 0.6 | Q77: 31500 | R77: 34322.6 | S77: 0 | T77: =IF(N77="","",MAX(0,N77-M77)) | U77: =IF(COUNTIFS($B$2:B77,B77,$F$2:F77,F77)=1,1,0) -> 0 | V77: =Q77-R77 -> -2822.6
A78: TSK-0077 | B78: PRJ-1017 | C78: Finance Vendor Transition 17 | D78: Finance | E78: Vendor Transition | F78: Cameron Diaz | G78: Launch | H78: Launch Task 03 | I78: Medium | J78: Low | K78: Internal Team | L78: 45689 | M78: 45705 | N78: 45691 | O78: Completed | P78: 1 | Q78: 27800 | R78: 30531.97 | S78: 1 | T78: =IF(N78="","",MAX(0,N78-M78)) -> 0 | U78: =IF(COUNTIFS($B$2:B78,B78,$F$2:F78,F78)=1,1,0) -> 0 | V78: =Q78-R78 -> -2731.97
A79: TSK-0078 | B79: PRJ-1018 | C79: Human Resources System Implementation 18 | D79: Human Resources | E79: System Implementation | F79: Riley Chen | G79: Closeout | H79: Closeout Task 03 | I79: High | J79: High | K79: Northstar Consulting | L79: 45683 | M79: 45710 | N79: 45712 | O79: Completed | P79: 1 | Q79: 34400 | R79: 37884.27 | S79: 1 | T79: =IF(N79="","",MAX(0,N79-M79)) -> 2 | U79: =IF(COUNTIFS($B$2:B79,B79,$F$2:F79,F79)=1,1,0) -> 0 | V79: =Q79-R79 -> -3484.27
A80: TSK-0079 | B80: PRJ-1019 | C80: Facilities Cost Reduction 19 | D80: Facilities | E80: Cost Reduction | F80: Avery Brooks | G80: Discovery | H80: Discovery Task 03 | I80: Critical | J80: Low | K80: Northstar Consulting | L80: 45835 | M80: 45840 | N80: 45844 | O80: Completed | P80: 1 | Q80: 19300 | R80: 19255.09 | S80: 2 | T80: =IF(N80="","",MAX(0,N80-M80)) -> 4 | U80: =IF(COUNTIFS($B$2:B80,B80,$F$2:F80,F80)=1,1,0) -> 0 | V80: =Q80-R80 -> 44.91
A81: TSK-0080 | B81: PRJ-1020 | C81: Marketing Automation 20 | D81: Marketing | E81: Automation | F81: Jordan Lee | G81: Planning | H81: Planning Task 03 | I81: Medium | J81: Low | K81: Apex Solutions | L81: 45876 | M81: 45905 | N81: 45910 | O81: Completed | P81: 1 | Q81: 12500 | R81: 12884.93 | S81: 3 | T81: =IF(N81="","",MAX(0,N81-M81)) -> 5 | U81: =IF(COUNTIFS($B$2:B81,B81,$F$2:F81,F81)=1,1,0) -> 0 | V81: =Q81-R81 -> -384.93
A82: TSK-0081 | B82: PRJ-1021 | C82: Procurement Process Improvement 21 | D82: Procurement | E82: Process Improvement | F82: Morgan Patel | G82: Requirements | H82: Requirements Task 03 | I82: High | J82: Medium | K82: Internal Team | L82: 45920 | M82: 45937 | O82: In Progress | P82: 0.4 | Q82: 24100 | R82: 27618.81 | S82: 1 | T82: =IF(N82="","",MAX(0,N82-M82)) | U82: =IF(COUNTIFS($B$2:B82,B82,$F$2:F82,F82)=1,1,0) -> 0 | V82: =Q82-R82 -> -3518.81
A83: TSK-0082 | B83: PRJ-1022 | C83: Operations Facility Upgrade 22 | D83: Operations | E83: Facility Upgrade | F83: Taylor Reed | G83: Configuration | H83: Configuration Task 03 | I83: Medium | J83: Low | K83: Internal Team | L83: 45954 | M83: 45966 | O83: In Progress | P83: 0.85 | Q83: 22600 | R83: 21017.7 | S83: 3 | T83: =IF(N83="","",MAX(0,N83-M83)) | U83: =IF(COUNTIFS($B$2:B83,B83,$F$2:F83,F83)=1,1,0) -> 0 | V83: =Q83-R83 -> 1582.3
A84: TSK-0083 | B84: PRJ-1023 | C84: Technology Compliance 23 | D84: Technology | E84: Compliance | F84: Cameron Diaz | G84: Execution | H84: Execution Task 03 | I84: High | J84: Medium | K84: Internal Team | L84: 45974 | M84: 45994 | O84: In Progress | P84: 0.4 | Q84: 44700 | R84: 46844.87 | S84: 3 | T84: =IF(N84="","",MAX(0,N84-M84)) | U84: =IF(COUNTIFS($B$2:B84,B84,$F$2:F84,F84)=1,1,0) -> 0 | V84: =Q84-R84 -> -2144.87
A85: TSK-0084 | B85: PRJ-1024 | C85: Finance Vendor Transition 24 | D85: Finance | E85: Vendor Transition | F85: Riley Chen | G85: Testing | H85: Testing Task 03 | I85: Low | J85: Medium | K85: Apex Solutions | L85: 45750 | M85: 45769 | N85: 45767 | O85: Completed | P85: 1 | Q85: 19600 | R85: 17569.25 | S85: 2 | T85: =IF(N85="","",MAX(0,N85-M85)) -> 0 | U85: =IF(COUNTIFS($B$2:B85,B85,$F$2:F85,F85)=1,1,0) -> 0 | V85: =Q85-R85 -> 2030.75
A86: TSK-0085 | B86: PRJ-1025 | C86: Human Resources System Implementation 25 | D86: Human Resources | E86: System Implementation | F86: Avery Brooks | G86: Training | H86: Training Task 03 | I86: Medium | J86: Low | K86: Internal Team | L86: 46080 | M86: 46106 | N86: 46112 | O86: Completed | P86: 1 | Q86: 35900 | R86: 34223.25 | S86: 0 | T86: =IF(N86="","",MAX(0,N86-M86)) -> 6 | U86: =IF(COUNTIFS($B$2:B86,B86,$F$2:F86,F86)=1,1,0) -> 0 | V86: =Q86-R86 -> 1676.75
A87: TSK-0086 | B87: PRJ-1026 | C87: Facilities Cost Reduction 26 | D87: Facilities | E87: Cost Reduction | F87: Jordan Lee | G87: Launch | H87: Launch Task 03 | I87: Medium | J87: Medium | K87: Internal Team | L87: 45840 | M87: 45869 | N87: 45879 | O87: Completed | P87: 1 | Q87: 45000 | R87: 43098.22 | S87: 2 | T87: =IF(N87="","",MAX(0,N87-M87)) -> 10 | U87: =IF(COUNTIFS($B$2:B87,B87,$F$2:F87,F87)=1,1,0) -> 0 | V87: =Q87-R87 -> 1901.78
A88: TSK-0087 | B88: PRJ-1027 | C88: Marketing Automation 27 | D88: Marketing | E88: Automation | F88: Morgan Patel | G88: Closeout | H88: Closeout Task 03 | I88: Medium | J88: Low | K88: Apex Solutions | L88: 46168 | M88: 46183 | O88: In Progress | P88: 0.5 | Q88: 39300 | R88: 43256.29 | S88: 1 | T88: =IF(N88="","",MAX(0,N88-M88)) | U88: =IF(COUNTIFS($B$2:B88,B88,$F$2:F88,F88)=1,1,0) -> 0 | V88: =Q88-R88 -> -3956.29
A89: TSK-0088 | B89: PRJ-1028 | C89: Procurement Process Improvement 28 | D89: Procurement | E89: Process Improvement | F89: Taylor Reed | G89: Discovery | H89: Discovery Task 03 | I89: Medium | J89: High | K89: Internal Team | L89: 46076 | M89: 46102 | N89: 46110 | O89: Completed | P89: 1 | Q89: 44500 | R89: 45132.93 | S89: 3 | T89: =IF(N89="","",MAX(0,N89-M89)) -> 8 | U89: =IF(COUNTIFS($B$2:B89,B89,$F$2:F89,F89)=1,1,0) -> 0 | V89: =Q89-R89 -> -632.93
A90: TSK-0089 | B90: PRJ-1029 | C90: Operations Facility Upgrade 29 | D90: Operations | E90: Facility Upgrade | F90: Cameron Diaz | G90: Planning | H90: Planning Task 03 | I90: Medium | J90: High | K90: Internal Team | L90: 46106 | M90: 46136 | O90: Not Started | P90: 0 | Q90: 38300 | R90: 0 | S90: 5 | T90: =IF(N90="","",MAX(0,N90-M90)) | U90: =IF(COUNTIFS($B$2:B90,B90,$F$2:F90,F90)=1,1,0) -> 0 | V90: =Q90-R90 -> 38300
A91: TSK-0090 | B91: PRJ-1030 | C91: Technology Compliance 30 | D91: Technology | E91: Compliance | F91: Riley Chen | G91: Configuration | H91: Configuration Task 03 | I91: Low | J91: Low | K91: Summit Partners | L91: 45981 | M91: 45986 | N91: 45997 | O91: Completed | P91: 1 | Q91: 43700 | R91: 40673.72 | S91: 3 | T91: =IF(N91="","",MAX(0,N91-M91)) -> 11 | U91: =IF(COUNTIFS($B$2:B91,B91,$F$2:F91,F91)=1,1,0) -> 0 | V91: =Q91-R91 -> 3026.28
A92: TSK-0091 | B92: PRJ-1001 | C92: Operations Facility Upgrade 01 | D92: Operations | E92: Facility Upgrade | F92: Avery Brooks | G92: Execution | H92: Execution Task 04 | I92: High | J92: High | K92: Summit Partners | L92: 46126 | M92: 46141 | O92: Completed | P92: 0.5 | Q92: 39400 | R92: 43748.39 | S92: 3 | T92: =IF(N92="","",MAX(0,N92-M92)) | U92: =IF(COUNTIFS($B$2:B92,B92,$F$2:F92,F92)=1,1,0) -> 0 | V92: =Q92-R92 -> -4348.39
A93: TSK-0092 | B93: PRJ-1002 | C93: Technology Compliance 02 | D93: Technology | E93: Compliance | F93: Jordan Lee | G93: Testing | H93: Testing Task 04 | I93: High | J93: High | K93: BluePeak Services | L93: 45743 | M93: 45759 | O93: Completed | P93: 0.1 | Q93: 20800 | R93: 20551.09 | S93: 0 | T93: =IF(N93="","",MAX(0,N93-M93)) | U93: =IF(COUNTIFS($B$2:B93,B93,$F$2:F93,F93)=1,1,0) -> 0 | V93: =Q93-R93 -> 248.91
A94: TSK-0093 | B94: PRJ-1003 | C94: Finance Vendor Transition 03 | D94: Finance | E94: Vendor Transition | F94: Morgan Patel | G94: Training | H94: Training Task 04 | I94: Low | J94: Medium | K94: Internal Team | L94: 45770 | M94: 45786 | O94: Completed | P94: 0 | Q94: 24600 | R94: 0 | S94: 1 | T94: =IF(N94="","",MAX(0,N94-M94)) | U94: =IF(COUNTIFS($B$2:B94,B94,$F$2:F94,F94)=1,1,0) -> 0 | V94: =Q94-R94 -> 24600
A95: TSK-0094 | B95: PRJ-1004 | C95: Human Resources System Implementation 04 | D95: Human Resources | E95: System Implementation | F95: Taylor Reed | G95: Launch | H95: Launch Task 04 | I95: Medium | J95: Low | K95: Summit Partners | L95: 46103 | M95: 46121 | N95: 46128 | O95: Completed | P95: 1 | Q95: 12500 | R95: 13947.02 | S95: 1 | T95: =IF(N95="","",MAX(0,N95-M95)) -> 7 | U95: =IF(COUNTIFS($B$2:B95,B95,$F$2:F95,F95)=1,1,0) -> 0 | V95: =Q95-R95 -> -1447.02
A96: TSK-0095 | B96: PRJ-1005 | C96: Facilities Cost Reduction 05 | D96: Facilities | E96: Cost Reduction | F96: Cameron Diaz | G96: Closeout | H96: Closeout Task 04 | I96: High | J96: High | K96: Vertex Systems | L96: 45843 | M96: 45848 | O96: Completed | P96: 0.5 | Q96: 44500 | R96: 48287.28 | S96: 2 | T96: =IF(N96="","",MAX(0,N96-M96)) | U96: =IF(COUNTIFS($B$2:B96,B96,$F$2:F96,F96)=1,1,0) -> 0 | V96: =Q96-R96 -> -3787.28
A97: TSK-0096 | B97: PRJ-1006 | C97: Marketing Automation 06 | D97: Marketing | E97: Automation | F97: Riley Chen | G97: Discovery | H97: Discovery Task 04 | I97: High | J97: Low | K97: Internal Team | L97: 45886 | M97: 45916 | N97: 45935 | O97: Completed | P97: 1 | Q97: 11800 | R97: 10508.83 | S97: 0 | T97: =IF(N97="","",MAX(0,N97-M97)) -> 19 | U97: =IF(COUNTIFS($B$2:B97,B97,$F$2:F97,F97)=1,1,0) -> 0 | V97: =Q97-R97 -> 1291.17
A98: TSK-0097 | B98: PRJ-1007 | C98: Procurement Process Improvement 07 | D98: Procurement | E98: Process Improvement | F98: Avery Brooks | G98: Planning | H98: Planning Task 04 | I98: Critical | J98: Low | K98: BluePeak Services | L98: 45878 | M98: 45889 | O98: Completed | P98: 0 | Q98: 39100 | R98: 0 | S98: 0 | T98: =IF(N98="","",MAX(0,N98-M98)) | U98: =IF(COUNTIFS($B$2:B98,B98,$F$2:F98,F98)=1,1,0) -> 0 | V98: =Q98-R98 -> 39100
A99: TSK-0098 | B99: PRJ-1008 | C99: Operations Facility Upgrade 08 | D99: Operations | E99: Facility Upgrade | F99: Jordan Lee | G99: Requirements | H99: Requirements Task 04 | I99: Critical | J99: Medium | K99: Summit Partners | L99: 45807 | M99: 45834 | N99: 45831 | O99: Completed | P99: 1 | Q99: 29200 | R99: 27918.57 | S99: 0 | T99: =IF(N99="","",MAX(0,N99-M99)) -> 0 | U99: =IF(COUNTIFS($B$2:B99,B99,$F$2:F99,F99)=1,1,0) -> 0 | V99: =Q99-R99 -> 1281.43
A100: TSK-0099 | B100: PRJ-1009 | C100: Technology Compliance 09 | D100: Technology | E100: Compliance | F100: Morgan Patel | G100: Configuration | H100: Configuration Task 04 | I100: High | J100: Medium | K100: Summit Partners | L100: 46064 | M100: 46087 | N100: 46082 | O100: Completed | P100: 1 | Q100: 14900 | R100: 13187.82 | S100: 2 | T100: =IF(N100="","",MAX(0,N100-M100)) -> 0 | U100: =IF(COUNTIFS($B$2:B100,B100,$F$2:F100,F100)=1,1,0) -> 0 | V100: =Q100-R100 -> 1712.18
...

Sheet PM Task Workload
A3: Count of Task ID | B3: Column Labels
A4: Row Labels | B4: Completed | C4: In Progress | D4: Not Started | E4: On Hold | F4: Active Workload | G4: Grand Total
A5: Avery Brooks | B5: 82 | C5: 23 | D5: 14 | E5: 6 | F5: 29 | G5: 154
A6: Cameron Diaz | B6: 69 | C6: 33 | D6: 19 | E6: 4 | F6: 37 | G6: 162
A7: Jordan Lee | B7: 89 | C7: 19 | D7: 12 | E7: 5 | F7: 24 | G7: 149
A8: Morgan Patel | B8: 68 | C8: 35 | D8: 21 | E8: 1 | F8: 36 | G8: 161
A9: Riley Chen | B9: 81 | C9: 24 | D9: 15 | E9: 5 | F9: 29 | G9: 154
A10: Taylor Reed | B10: 67 | C10: 32 | D10: 19 | E10: 7 | F10: 39 | G10: 164
A11: Grand Total | B11: 456 | C11: 166 | D11: 100 | E11: 28 | F11: 194 | G11: 944

Sheet Project Delays
A3: Row Labels | B3: Sum of Days Delayed
A4: Facilities Cost Reduction 05 | B4: 115
A5: Cameron Diaz | B5: 115
A6: Technology Compliance 02 | B6: 93
A7: Jordan Lee | B7: 93
A8: Technology Compliance 30 | B8: 92
A9: Riley Chen | B9: 92
A10: Finance Vendor Transition 03 | B10: 82
A11: Morgan Patel | B11: 82
A12: Operations Facility Upgrade 08 | B12: 65
A13: Jordan Lee | B13: 65
A14: Facilities Cost Reduction 26 | B14: 64
A15: Jordan Lee | B15: 64
... A64: Grand Total | B64: 1525

Sheet PM Portfolio Summary
A3: Row Labels | B3: Sum of Days Delayed | C3: Count of Task ID | D3: Sum of Unique Project Flag
A4: Avery Brooks | B4: 167 | C4: 125 | D4: 5
A5: Cameron Diaz | B5: 296 | C5: 125 | D5: 5
A6: Jordan Lee | B6: 303 | C6: 125 | D6: 5
A7: Morgan Patel | B7: 282 | C7: 125 | D7: 5
A8: Riley Chen | B8: 272 | C8: 125 | D8: 5
A9: Taylor Reed | B9: 205 | C9: 125 | D9: 5
A10: Grand Total | B10: 1525 | C10: 750 | D10: 30

Sheet Department Risk Analysis
A3: Count of Task ID | B3: Column Labels
A4: Row Labels | B4: High | C4: Low | D4: Medium | E4: Grand Total
A5: Facilities | B5: 19 | C5: 45 | D5: 36 | E5: 100
A6: Finance | B6: 18 | C6: 52 | D6: 30 | E6: 100
A7: Human Resources | B7: 16 | C7: 53 | D7: 31 | E7: 100
A8: Marketing | B8: 14 | C8: 48 | D8: 38 | E8: 100
A9: Operations | B9: 14 | C9: 64 | D9: 47 | E9: 125
A10: Procurement | B10: 17 | C10: 48 | D10: 35 | E10: 100
A11: Technology | B11: 24 | C11: 59 | D11: 42 | E11: 125
A12: Grand Total | B12: 122 | C12: 369 | D12: 259 | E12: 750

Sheet Project Issues & Delays
A3: Row Labels | B3: Sum of Issue Count | C3: Sum of Days Delayed
A4: Facilities Cost Reduction 05 | B4: 40 | C4: 115
A5: Technology Compliance 02 | B5: 49 | C5: 93
A6: Technology Compliance 30 | B6: 40 | C6: 92
A7: Finance Vendor Transition 03 | B7: 40 | C7: 82
A8: Operations Facility Upgrade 08 | B8: 38 | C8: 65
A9: Facilities Cost Reduction 26 | B9: 43 | C9: 64
A10: Marketing Automation 06 | B10: 37 | C10: 63
A11: Technology Compliance 09 | B11: 36 | C11: 62
A12: Operations Facility Upgrade 15 | B12: 28 | C12: 61
A13: Finance Vendor Transition 17 | B13: 33 | C13: 61
A14: Procurement Process Improvement 28 | B14: 56 | C14: 60
A15: Operations Facility Upgrade 29 | B15: 46 | C15: 58
... A34: Grand Total | B34: 1323 | C34: 1525

Sheet Schedule & Budget Performance
A3: Row Labels | B3: Sum of Days Delayed | C3: Sum of Budget Variance
A4: Facilities Cost Reduction 05 | B4: 115 | C4: 74912.39
A5: Facilities Cost Reduction 12 | B5: 46 | C5: 55432.14
A6: Facilities Cost Reduction 19 | B6: 30 | C6: 72678.2
A7: Facilities Cost Reduction 26 | B7: 64 | C7: 31782.12
A8: Finance Vendor Transition 03 | B8: 82 | C8: 75744.07
A9: Finance Vendor Transition 10 | B9: 46 | C9: 26623.6
A10: Finance Vendor Transition 17 | B10: 61 | C10: 97677.46
A11: Finance Vendor Transition 24 | B11: 48 | C11: 101529.83
A12: Human Resources System Implementation 04 | B12: 55 | C12: 225384.27
A13: Human Resources System Implementation 11 | B13: 11 | C13: 88118.17
A14: Human Resources System Implementation 18 | B14: 23 | C14: 75505.59
A15: Human Resources System Implementation 25 | B15: 40 | C15: 63954.84
... A34: Grand Total | B34: 1525 | C34: 2817621.4

Sheet Department Budget Analysis
A3: Row Labels | B3: Sum of Budget Variance
A4: Facilities | B4: 234804.85
A5: Facilities Cost Reduction 05 | B5: 74912.39
A6: Facilities Cost Reduction 12 | B6: 55432.14
A7: Facilities Cost Reduction 19 | B7: 72678.2
A8: Facilities Cost Reduction 26 | B8: 31782.12
A9: Finance | B9: 301574.96
A10: Finance Vendor Transition 03 | B10: 75744.07
A11: Finance Vendor Transition 10 | B11: 26623.6
A12: Finance Vendor Transition 17 | B12: 97677.46
A13: Finance Vendor Transition 24 | B13: 101529.83
A14: Human Resources | B14: 452962.87
A15: Human Resources System Implementation 04 | B15: 225384.27
... A41: Grand Total | B41: 2817621.4

Sheet Department Performance Summary
A3: Row Labels | B3: Sum of Days Delayed | C3: Sum of Budget Variance
A4: Facilities | B4: 255 | C4: 234804.85
A5: Finance | B5: 237 | C5: 301574.96
A6: Human Resources | B6: 129 | C6: 452962.87
A7: Marketing | B7: 158 | C7: 429408.81
A8: Operations | B8: 239 | C8: 584515.59
A9: Procurement | B9: 189 | C9: 375366.44
A10: Technology | B10: 318 | C10: 438987.86
A11: Grand Total | B11: 1525 | C11: 2817621.4

Sheet PM Workload Backup
A3: Count of Task ID | B3: Column Labels
A4: Row Labels | B4: Completed | C4: In Progress | D4: Not Started | E4: On Hold | F4: Active Workload | G4: Grand Total
A5: Avery Brooks | B5: 82 | C5: 23 | D5: 14 | E5: 6 | F5: 29 | G5: 154
A6: Cameron Diaz | B6: 69 | C6: 33 | D6: 19 | E6: 4 | F6: 37 | G6: 162
A7: Jordan Lee | B7: 89 | C7: 19 | D7: 12 | E7: 5 | F7: 24 | G7: 149
A8: Morgan Patel | B8: 68 | C8: 35 | D8: 21 | E8: 1 | F8: 36 | G8: 161
A9: Riley Chen | B9: 81 | C9: 24 | D9: 15 | E9: 5 | F9: 29 | G9: 154
A10: Taylor Reed | B10: 67 | C10: 32 | D10: 19 | E10: 7 | F10: 39 | G10: 164
A11: Grand Total | B11: 456 | C11: 166 | D11: 100 | E11: 28 | F11: 194 | G11: 944
